{
  "project_info": {
    "project_number": "817438763148",
    "project_id": "flutter-fitness-2f06f",
    "storage_bucket": "flutter-fitness-2f06f.appspot.com"
  },
  "client": [
    {
      "client_info": {
        "mobilesdk_app_id": "1:817438763148:android:35d0978369f04c53df73a9",
        "android_client_info": {
          "package_name": "com.example.fitness"
        }
      },
      "oauth_client": [
        {
          "client_id": "817438763148-paf782l9sobmps9njv5bmuis3pgkoqdl.apps.googleusercontent.com",
          "client_type": 1,
          "android_info": {
            "package_name": "com.example.fitness",
            "certificate_hash": "9bbb3186b2189ef16d8f272bdab59362c395cbb4"
          }
        },
        {
          "client_id": "817438763148-u0tt0qtim94qur7j4p3l87mir0vmkjo3.apps.googleusercontent.com",
          "client_type": 3
        }
      ],
      "api_key": [
        {
          "current_key": "AIzaSyBKzDSYCeCXQzRWLE-hnl08_9Xu5p7YgYs"
        }
      ],
      "services": {
        "appinvite_service": {
          "other_platform_oauth_client": [
            {
              "client_id": "817438763148-20et1pd47n21hni3ht3uql5v77phcdlj.apps.googleusercontent.com",
              "client_type": 3
            },
            {
              "client_id": "817438763148-pb36am8f8smptq14b1utvb3atm16ti7e.apps.googleusercontent.com",
              "client_type": 2,
              "ios_info": {
                "bundle_id": "com.mycompany.fitness"
              }
            }
          ]
        }
      }
    },
    {
      "client_info": {
        "mobilesdk_app_id": "1:817438763148:android:d089b0aa884c9d47df73a9",
        "android_client_info": {
          "package_name": "com.mycompany.fitness"
        }
      },
      "oauth_client": [
        {
          "client_id": "817438763148-u0tt0qtim94qur7j4p3l87mir0vmkjo3.apps.googleusercontent.com",
          "client_type": 3
        }
      ],
      "api_key": [
        {
          "current_key": "AIzaSyBKzDSYCeCXQzRWLE-hnl08_9Xu5p7YgYs"
        }
      ],
      "services": {
        "appinvite_service": {
          "other_platform_oauth_client": [
            {
              "client_id": "817438763148-20et1pd47n21hni3ht3uql5v77phcdlj.apps.googleusercontent.com",
              "client_type": 3
            },
            {
              "client_id": "817438763148-pb36am8f8smptq14b1utvb3atm16ti7e.apps.googleusercontent.com",
              "client_type": 2,
              "ios_info": {
                "bundle_id": "com.mycompany.fitness"
              }
            }
          ]
        }
      }
    }
  ],
  "configuration_version": "1"
}